listing_id,name,grader,grade,set,card_number,seller_display,ask_usdc,fair_value_usdc,top_offer_usdc,offer_count,image_url,actions,listing_url
DEMO-001,Ember Wyrm,PSA,9,Demo Anthology 2019,19/165,demo-seller-05,55.50,67.39,,0,,Buy|Trade|Cash Offer,
DEMO-002,Tidecaller Seraph,PSA,10,Demo Collector Box Exclusive,174,demo-seller-04,810.50,784.99,,0,,Buy|Trade|Cash Offer,
DEMO-003,Moss Golem,PSA,8,Demo Promo Pack A,DM11,demo-seller-01,50.50,46.16,,0,,Buy|Trade|Cash Offer,
DEMO-004,Stormglass Fox,PSA,9,Demo Anthology 2023,15,demo-seller-10,35.00,30.66,,0,,Buy|Cash Offer,
DEMO-005,Hollow Lantern,PSA,6,Demo Classic Base,TG21,demo-seller-11,55.99,46.08,,0,,Buy|Trade|Cash Offer,
DEMO-006,Ironbark Stag,PSA,8,Demo Anthology 2019,32,demo-seller-01,185.00,77.70,155.21,2,,Buy|Trade|Cash Offer,
DEMO-007,Cinder Sprite,PSA,10,Demo Series: Ashfall,24/165,demo-seller-07,110.00,92.91,73.38,1,,Buy|Trade|Cash Offer,
DEMO-008,Frostmantle Owl,PSA,9,Demo Series: Glass Winter,,demo-seller-05,90.00,96.54,,0,,Buy|Trade|Cash Offer,
DEMO-009,Velvet Basilisk,PSA,9,Demo Promo Pack B,DM08,demo-seller-06,355.50,424.18,233.65,1,,Buy|Trade|Cash Offer,
DEMO-010,Saltmarsh Kraken,PSA,10,Demo Series: Verdant Court,071,demo-seller-11,70.00,75.63,,0,,Buy|Trade|Cash Offer,
DEMO-011,Thistle Knight,PSA,8,Demo Series: Glass Winter,DM38,demo-seller-10,55.00,46.39,34.34,1,,Buy|Trade|Cash Offer,
DEMO-012,Ashen Chimera,PSA,10,Demo Series: Verdant Court,TG28,demo-seller-02,395.99,397.36,,0,,Buy|Cash Offer,
DEMO-013,Copperwing Moth,PSA,9,Demo Promo Pack B,19/110,demo-seller-02,45.00,48.97,,0,,Buy|Trade|Cash Offer,
DEMO-014,Sunken Oracle,PSA,7,Demo Collector Box Exclusive,12,demo-seller-06,30.00,27.70,28.11,1,,Buy|Trade|Cash Offer,
DEMO-015,Rustjaw Hound,CGC,9,Japanese Demo Set Kōyō,TG15,demo-seller-09,35.00,32.91,,0,,Buy|Trade|Cash Offer,
DEMO-016,Glimmer Hare,PSA,8,Demo Classic Base,32/165,demo-seller-08,35.00,29.87,,0,,Buy|Trade|Cash Offer,
DEMO-017,Duskpetal Dryad,PSA,8,Demo Promo Pack B,TG28,demo-seller-06,580.00,485.28,453.59,2,,Buy|Trade|Cash Offer,
DEMO-018,Brass Leviathan,PSA,10,Japanese Demo Set Kōyō,78/102,demo-seller-10,100.00,95.24,,0,,Buy|Trade|Cash Offer,
DEMO-019,Quill Phoenix,BGS,9,Demo Classic Expansion,46/110,demo-seller-01,775.00,702.74,,0,,Buy|Trade|Cash Offer,
DEMO-020,Marrow Wisp,PSA,8,Demo Promo Pack A,DM11,demo-seller-02,45.00,42.37,,0,,Buy|Trade,
DEMO-021,Opal Gargoyle,PSA,8,Demo Promo Pack A,142,demo-seller-07,585.00,582.17,,0,,Buy|Trade|Cash Offer,
DEMO-022,Fenlight Heron,BGS,9,Japanese Demo Set Kōyō,128,demo-seller-05,140.50,133.23,130.95,2,,Buy|Trade|Cash Offer,
DEMO-023,Cragback Tortoise,PSA,8,Demo Classic Base,TG18,demo-seller-04,260.00,468.00,,0,,Buy|Trade|Cash Offer,
DEMO-024,Sparkfin Eel,BGS,8,Demo Classic Expansion,46,demo-seller-06,80.99,65.94,53.00,1,,Buy|Trade|Cash Offer,
DEMO-025,Gilded Scarab,PSA,10,Demo Series: Verdant Court,3,demo-seller-06,35.00,36.89,,0,,Buy|Trade|Cash Offer,
DEMO-026,Wintermere Elk,PSA,10,Demo Series: Glass Winter,DM20,demo-seller-07,80.99,97.97,,0,,Buy|Trade|Cash Offer,
DEMO-027,Hexcap Toad,PSA,9,Demo Promo Pack B,TG22,demo-seller-01,100.99,118.08,,0,,Buy|Cash Offer,
DEMO-028,Lumen Pangolin,CGC,8.5,Japanese Demo Set Kōyō,TG17,demo-seller-08,50.00,44.71,,0,,Buy|Trade|Cash Offer,
DEMO-029,Ruinwalker,PSA,10,Demo Promo Pack A,68,demo-seller-06,40.00,33.31,33.02,1,,Buy|Trade|Cash Offer,
DEMO-030,Bramble Drake,PSA,10,Demo Anthology 2023,TG29,demo-seller-03,775.99,917.30,,0,,Buy|Trade|Cash Offer,
DEMO-031,Vesper Lynx,PSA,10,Demo Anthology 2023,DM31,demo-seller-03,70.00,76.64,57.04,1,,Buy|Trade|Cash Offer,
DEMO-032,Cobalt Manticore,BGS,8.5,Demo Series: Glass Winter,,demo-seller-01,45.00,43.67,,0,,Buy|Trade|Cash Offer,
DEMO-033,Pale Harbinger,PSA,8,Demo Promo Pack A,19/110,demo-seller-07,30.50,26.40,,0,,Buy|Trade|Cash Offer,
DEMO-034,Driftwood Siren,PSA,8,Demo Promo Pack A,DM24,demo-seller-11,40.99,49.73,,0,,Buy|Trade|Cash Offer,
DEMO-035,Kiln Salamander,PSA,7,Demo Series: Glass Winter,TG23,demo-seller-09,30.00,28.38,,0,,Buy|Trade|Cash Offer,
DEMO-036,Starling Archon,PSA,10,Demo Classic Expansion,DM36,demo-seller-04,285.99,237.77,,0,,Buy|Trade|Cash Offer,
DEMO-037,Murk Hydra,CGC,9,Japanese Demo Set Kōyō,48/102,demo-seller-06,50.00,41.82,,0,,Buy|Trade|Cash Offer,
DEMO-038,Meadowlark Sage,BGS,9,Demo Collector Box Exclusive,088,demo-seller-01,185.50,194.52,,0,,Buy|Trade|Cash Offer,
DEMO-039,Obsidian Roc,PSA,8,Demo Series: Tidebound,TG02,demo-seller-02,340.00,374.24,238.85,1,,Buy|Trade|Cash Offer,
DEMO-040,Tallow Imp,CGC,10,Demo Anthology 2023,TG02,demo-seller-06,245.00,251.13,,0,,Buy|Trade|Cash Offer,
DEMO-041,Reefborn Titan,PSA,10,Demo Anthology 2019,79/102,demo-seller-12,85.50,75.62,,0,,Buy|Trade,
DEMO-042,Nettlewick,PSA,9,Demo Series: Verdant Court,137,demo-seller-02,115.99,136.55,,0,,Buy|Trade|Cash Offer,
DEMO-043,Zephyr Cub,CGC,9.5,Japanese Demo Set Kōyō,39/165,demo-seller-04,95.99,107.31,,0,,Buy|Trade|Cash Offer,
DEMO-044,Granite Warden,PSA,10,Demo Series: Verdant Court,DM27,demo-seller-06,35.00,40.03,21.82,1,,Buy|Trade|Cash Offer,
DEMO-045,Lilt Banshee,PSA,7,Demo Promo Pack B,TG08,demo-seller-04,50.00,51.51,,0,,Buy|Trade|Cash Offer,
DEMO-046,Sable Mantis,PSA,8,Japanese Demo Set Kōyō,TG24,demo-seller-12,50.50,54.42,,0,,Buy|Trade|Cash Offer,
DEMO-047,Honeycomb Golem,PSA,10,Demo Collector Box Exclusive,87/165,demo-seller-07,25.50,22.07,19.86,1,,Buy|Trade|Cash Offer,
DEMO-048,Candle Revenant,PSA,8,Demo Anthology 2019,DM08,demo-seller-08,760.00,805.05,,0,,Buy|Trade|Cash Offer,
